{
  "selection_train_rows": 12219,
  "selection_calibration_rows": 1054,
  "evaluation_test_rows": 2632,
  "deployment_train_rows": 13273,
  "deployment_calibration_rows": 1231,
  "selected_classifier": "logistic_regression",
  "classifier_candidate_metrics": {
    "logistic_regression": {
      "accuracy": 0.6090425531914894,
      "log_loss": 0.8742049338625899,
      "brier_multiclass": 0.512400621143083
    }
  },
  "goal_model_metrics": {
    "team_a_goal_mae": 1.028551205882799,
    "team_b_goal_mae": 0.8454857887259896,
    "team_a_mean_poisson_deviance": 1.1985064094693756,
    "team_b_mean_poisson_deviance": 1.1573517663589137
  }
}