{
  "selection_train_rows": 12219,
  "selection_calibration_rows": 1054,
  "evaluation_test_rows": 2623,
  "deployment_train_rows": 13273,
  "deployment_calibration_rows": 1231,
  "selected_classifier": "logistic_regression",
  "classifier_candidate_metrics": {
    "logistic_regression": {
      "accuracy": 0.6080823484559664,
      "log_loss": 0.8749497515900161,
      "brier_multiclass": 0.5129474707041455
    }
  },
  "goal_model_metrics": {
    "team_a_goal_mae": 1.029997878867761,
    "team_b_goal_mae": 0.8460959294159737,
    "team_a_mean_poisson_deviance": 1.2015328826219505,
    "team_b_mean_poisson_deviance": 1.1576982767315325
  }
}