{
  "selection_train_rows": 12219,
  "selection_calibration_rows": 1054,
  "evaluation_test_rows": 2604,
  "deployment_train_rows": 13273,
  "deployment_calibration_rows": 1231,
  "selected_classifier": "logistic_regression",
  "classifier_candidate_metrics": {
    "logistic_regression": {
      "accuracy": 0.6075268817204301,
      "log_loss": 0.875290090852794,
      "brier_multiclass": 0.5133684595514545
    }
  },
  "goal_model_metrics": {
    "team_a_goal_mae": 1.031588523114422,
    "team_b_goal_mae": 0.8465314437565642,
    "team_a_mean_poisson_deviance": 1.2031414665122555,
    "team_b_mean_poisson_deviance": 1.1589749560817193
  }
}