{
  "selection_train_rows": 12219,
  "selection_calibration_rows": 1054,
  "evaluation_test_rows": 2616,
  "deployment_train_rows": 13273,
  "deployment_calibration_rows": 1231,
  "selected_classifier": "logistic_regression",
  "classifier_candidate_metrics": {
    "logistic_regression": {
      "accuracy": 0.6077981651376146,
      "log_loss": 0.8750540946334551,
      "brier_multiclass": 0.5130871025189663
    }
  },
  "goal_model_metrics": {
    "team_a_goal_mae": 1.0314703695580234,
    "team_b_goal_mae": 0.8472065745163755,
    "team_a_mean_poisson_deviance": 1.2038060376341173,
    "team_b_mean_poisson_deviance": 1.1594291518049098
  }
}