{
  "selection_train_rows": 12219,
  "selection_calibration_rows": 1054,
  "evaluation_test_rows": 2655,
  "deployment_train_rows": 13273,
  "deployment_calibration_rows": 1231,
  "selected_classifier": "logistic_regression",
  "classifier_candidate_metrics": {
    "logistic_regression": {
      "accuracy": 0.6097928436911487,
      "log_loss": 0.8736014071499092,
      "brier_multiclass": 0.5118828854136761
    }
  },
  "goal_model_metrics": {
    "team_a_goal_mae": 1.0272685454649932,
    "team_b_goal_mae": 0.8508564137129988,
    "team_a_mean_poisson_deviance": 1.1980010469923192,
    "team_b_mean_poisson_deviance": 1.1641657659228324
  }
}